	comment	label	label_id
0	واقعا حیف وقت که بنویسم سرویس دهیتون شده افتضاح	SAD	1
1	قرار بود ۱ ساعته برسه ولی نیم ساعت زودتر از موقع رسید، شما ببین چقدرررررررررررر پلاک خفنههههه، من سالهاست مشتریشونم و سالهاست مزه بهشت میده غذاشون	HAPPY	0
2	قیمت این مدل اصلا با کیفیتش سازگاری نداره، فقط ظاهر فریبنده داره، پرش میکنن کالباس و قارچ	SAD	1
3	عالللی بود همه چه درست و به اندازه و کیفیت خوب، امیداورم همیشه کیفیتتون خوب باشه ما مشتری همیشگی بشیم	HAPPY	0
4	شیرینی وانیلی فقط یک مدل بود.	HAPPY	0
5	بدترین پیتزایی که تا به حال خورده بودم	SAD	1
6	از همه لحاظ عالی ممنونم	HAPPY	0
7	کیفیت غذا متوسط رو به پایین بود انگار داخل یه رستوران معمولی غذا خوردی درحالی که امتیاز رستوران در اسنپ فود ۴٫۳ بود	SAD	1
8	همه اقلام تازه و به روز وخیلیییییی سریع بدستم رسید واقعا متشکرم	HAPPY	0
9	همه چی خوب ولی هات داگ دورش کلا سوخته بود و داخلش خام بود!!!!	SAD	1
10	اکلر فوق العاده بود اما بافت چیزکیک مونده بود و دوست نداشتم.	HAPPY	0
11	خوب بود و از رستوران غنچه و اسنپ فود تشکر میکنم	HAPPY	0
12	مثل همیشه عااااالی هستی پرپروک جاااااان مچکریم ازت	HAPPY	0
13	Kheili khub bud mersi vaghan	HAPPY	0
14	عکس با شیریبی که ارسال کردند فرق داشت و خیلی نامرتب و خورد شده بود. اصلا پیشنهاد نمیکنم	SAD	1
15	سریع سفارش بدستم رسید ممنونم اسنپ فود	HAPPY	0
16	خیلی عالی بود خیلی هم زود رسید خوشمزه	HAPPY	0
17	هات داگ یکم خام بود. حجمش خوب بود	HAPPY	0
18	ممنون که به صلاحدید هودتون سفارش رو تغییر دادید.	SAD	1
19	پیتزا سرد و خیلی خیلی بدمزه بود و میگوتون افتضاح بویه بد میداذ، سیبزمینیا افتضاح بودن واقعا از بوکا انتظاره بیشتری میره بعده اینهمه سال.. دیگه ازتون غذا نمیگیرم مطمئنم	SAD	1
20	خیلی مسخرس یک ساعت باید منتظر موند و تازه ۳ هزار تومان هم پول اسنپ اکسپرس بدی در صورتی که رستورانای اطراف تلفنی با پیک‌مجانی میارن حالا اگه زود بیارید اشکالی نداره پول هم بگیرید بابتش ولی نه بک ساعتتتت برای یک پیتزا ساده	SAD	1
21	۷۱ هزار پول ساندویچ شد، ولی بیشترش قارچ بود	SAD	1
22	سفارش من رانی آناناس بود ولی مغازه سانی نس آناناس ارسال کرده	SAD	1
23	سلام. خیلی عالیه. متشکرم. همیشه در کارتان موفق باشید	HAPPY	0
24	سفارش پس از تاخیر بسیار طولانی رسید و متاسفانه بستنی‌ها آب شده بودند.	SAD	1
25	بسیار عالی و به موقع رسید طعم و کیفیت هم عالی بود	HAPPY	0
26	مثل دفعه قبل هم به موقع هم خوشمزه	HAPPY	0
27	کیفیت غذا خوب بود و تقریبا داغ بود اما خیلی دیر رسید	HAPPY	0
28	بد نبود اما برخلاف دفعات قبل چرب‌تر بود و بال هام خوب نپخته بود	SAD	1
29	من فقط یه سیب زمینی سفارش دادم ۲ ساعت طول کشید	SAD	1
30	سریع و زودتر از تایم اعلامی بدستم رسید و این خیلی خوبه	HAPPY	0
31	بسیار تازه و خوشمزه بود مرسی	HAPPY	0
32	سس ۴۸۵گرمی سفارش دادن، اما سس ۴۵۵گرمی برام آوردن!	SAD	1
33	نوشابه ارسال نشد، با این که هزینه آن پرداخت شده بود. (منوی دینر همراه با نوشابه است)	SAD	1
34	سلام بسیار خوب بود ممنون	HAPPY	0
35	دستتون درد نکنه عالی بود هم حجمش از لحاظ قیمت زیاد بود هم خوب پخته شده بود فکر کنم میشم مشتری دائم خیلی زود هم رسید جاتون خالی غذای داغ و خوشمزه میل کردیم	HAPPY	0
36	سریع و به موقع با اجناس عالی و تاریخ مصرف درست باید به این سوپر مارکت نمره ۲۰ داد ناصری	HAPPY	0
37	اصلا دانمارکی نبود بسیار بیات و مونده بود اصلا راضی نبودم متاسفانه	SAD	1
38	بجای ۱۰ عدد پای سیب. سه عدد مدل متفاوت با سفارش من ارسال شده	SAD	1
39	کیسه زیپ دار سفارش دادم، کیسه معمولی برای من فرستادن، خمیر پیتزا سفارش دادم، خمیر پیراشکی فرستادن،	SAD	1
40	سریع‌تر و با کیفیت بیشتد تشکر	HAPPY	0
41	بسیار عالی و با کیفیت، ممنونم و امیدوارم که این کیفیت همیشگی باشد.	HAPPY	0
42	به شدت چرب بود و اصلا مزه چیزی بجز روغن احساس نمیشد. پیتزا ریحان هم نداشت	SAD	1
43	غذای این سری خوب بود	HAPPY	0
44	عالی خیلی هم سریع رسید	HAPPY	0
45	کیک و جعبه ان متلاشی شده بود. که پیک زمان تحویل گفت مقداری تکان خورده وقتی دیدم کیک رو خیلی بیشتر از یه کمی بو جالبه که حتی جعبه هم متلاشی شده بود. اگر سرویس ارسال کیک رو پذیرفتید حداقل‌ها رو هم رعایت کنید	SAD	1
46	غذا بسیار دیر تحویل داده شد و فقط نون و پنیر بود.	SAD	1
47	مرغ کامل سرخ نشده بود	SAD	1
48	طعم ابگوشت تلخ بود و اب ابگوشت خیلی کم بود و کمتر از دیزیهای معمول بود	SAD	1
49	کیفت چلو پایین بود	SAD	1
50	نوشته بودم پیک باهام تماس بگیره. پیک قبل از رسیدن به دم در منزل، تحویل سفارش رو زده بود. نگران شدم نکنه همینجوری سفارشو گذاشته تو لابی و رفته. رفتم دم در، بعد از یک دقیقه تازه پیک از راه رسید و اصلا باهام تماش نگرفت. خودم رفتم ازش سفارشو تحویل گرفتم. این کار خیلی زشته. لطفا در انتخاب پیک مسئولیت پذیر دقت بیشتری به خرج بدین. پنیر لازانیا سفارش دادم، تولید مهرماه رو برام فرستادن که دوهفته بعد تاریخ انقضاشه. لطفا محصولات تازه برای مشتری ارسال کنید. درکل ناراضی هستم	SAD	1
51	سلام شیرینی که برای من به عنوان برشتوک آجیلی آوردن به نام برشتوک حنایی است و اصلا مطابق شکل سایت نیست	SAD	1
52	بد نبود، اما خیلی هم خاص و بی‌نظیر نبود. انتظار یه مزه فوق العاده رو داشتم. معمولی بود	HAPPY	0
53	فقط سس ریخته بودن توش حجم بسیار کم نسبت به قیمت بسیار بالا کیفیت پایین	SAD	1
54	پیک ۱۰ دقیقه من رو توی کوچه نگه داشت و پیدا نمیکرد	SAD	1
55	باروژ باروژ این بود …!!! من سه مدل سیر و استیک. استیک و پیتزا باروژ گرفتم باید به باروژ تبریک بگم. خوب بلید جیب مردم و خالی کنید با این قیمت‌های بالاتون اولین و آخرین باری بود که از باروژ خرید کردم. آبروم و جلو همکارام بردین واقعا پولمو دور ریختم با خرید ازتون	SAD	1
56	غذای بسیار بسیار بسیار بی کیفیت با تاخیر فراوان	SAD	1
57	وقتی مشتری روی یک طعم خاص دلستر تاکید میکنه، انتظار میره که به نظر مشتری توجه بشه حداقل اگر تو رستوران هم موجود نیست قبل از ارسال نظر مشتری اخذ بشه	SAD	1
58	غذا سرد بود اونم تو این گرما!	HAPPY	0
59	سوتفاهم شده یک لیتر آب طالبی میخواستم نه یخ خرد شده. بیشتر طعم آب میده	SAD	1
60	موهیتو طعمه همیشگی نبود و خیلی ترش و تلخ بود.	HAPPY	0
61	خیلی بدمزه بود جوجه، توش خام بود نپخته بود، اصلا نتونستم بخورم	SAD	1
62	گوشت و قارچ پیتزای بیف گورمه مونده بود و بو میداد و پخت قبل بود متاسفانه غیر قابل خوردن.	SAD	1
63	شیرینی زبان خیلی خشک و بد بود	SAD	1
64	غذا گرم بود و خوشمزه.. ممنون	HAPPY	0
65	مرغ خوب سرخ شده بود ولی محتویات شکم زیاد جالب نبود …	SAD	1
66	روی جعبه‌ها مشخص نشده بود کدوم اسپایسیه و کدوم نرمال، و به همین ترتیب اشتباه شد تا میانه‌ی خوردن غذا..	HAPPY	0
67	بجای کیک بزرگ کیک متوسط تحویل گرفتیم بجای وزن۱۶۰۰ ما وزن۱۲۰۰ دریافت کردیم	HAPPY	0
68	The nutella and caramel rolls are AMAZING!!! GREAT service and very delicious desserts- عالى!!!!	HAPPY	0
69	غذا دیر اومد، کیفیت پایین بود فقط حجم الکی با کاهو پیر شده بود و کیفیت نداشت اصلا	SAD	1
70	پیک رستوران خیلی عالی بود، با وجود اینکه، غذا رو کامل نفرستاده بودن، سرعت عملش خیلی بالا بود۹ و ساندویچ هم سرد بود، هنگام تحویل	HAPPY	0
71	من ۳ تا دسر سفارش دادم ولی یه دونه اوردن	SAD	1
72	مونده بود.. خیلی مزه بدی داشت	SAD	1
73	حجم غذا خوبه. ولی بسیار بسیار دیر ارسال می‌کنند. بیش از یکساعت طول کشید. املت مگه چقدر زمانبر هست؟	HAPPY	0
74	تاخیر زیاد در ارسال بسته	SAD	1
75	"بسته بندی اصلا"" مناسب نبود و در یک نایلکس نازک که اسنپ باکس آن را دو دست گرفته بود که پاره نشود"	HAPPY	0
76	افتضاح بود با ۴۰ دقیقه تاخیر اومد	SAD	1
77	با عرض سلام غذا به حدی سرد بود متوجه نشدم چی بود متاسفم	SAD	1
78	پیک نیم ساعت قبل از اینکه سفارش رو تحویل بده اعلام میکنه سفارش رو تحویل داده و بعد اعلام تحویل تازه تماس میگیره میپرسه آدرس شما کجاست؟! حتی بعدش نیومد بالا تحویل بده. بدون اینکه اعلام کنه سفارش رو ول کرده تو آسانسور رفته! یه ربع منتظر بودم که سفارش چی شد! آخرش هم همسایه مون سفارش رو تو آسانسور دیده یود و یکی یکی زنگ‌ها رو زده بود که اینا برا کیه؟! بدترین پیکی بود که تا حالا باهاش برخورد داشتم.	SAD	1
79	غذا خوب بود ولی سرد به دستم رسید	HAPPY	0
80	جوجه کباب اصلا خوب نبود. اما خوراک ماهی بد نبود	SAD	1
81	برخورد خوب و مناسب پیک	SAD	1
82	همیشه سفارشات رو جا به جا میارید ایندفعه هم به جای سس بیژن رب روژین اوردید … بیشتر دقت کنید	SAD	1
83	مگه سوپر مارکت عمده فروشیه که نوشابه داغ برای مشتری ارسال می‌کنید؟ اگه نوشابه داغ می‌خواستم من خودم بهتر بلد بودم برم عمده فروشی و با قیمت ارزونتری نوشابه بخرم	SAD	1
84	معمولی بود و کاملا سرد …در کل جالب نبود	SAD	1
85	دقتی به توضیحات درخواست نمیشه	HAPPY	0
86	ماهی بو‌ بدی داشت برنج هم بی کیفیت بود	SAD	1
87	من قبلا تو شعبه‌های دیگه پرپروک غذا خوردم واقعا کیفیت اینجا پایینه. همه چیز خیلی شدید طعم آویشن میده حتی سیب زمینی کنار مرغ و چیپس و پنیر!!! واقعا موقع خوردن غذا فکر میکنی فقط داری آویشن میخوری.	SAD	1
88	مغز تخمه خوب و تازه بود، بادام روکش دار توش مانده داشت، کشک معمولی خواسته بودم ک رشته‌ی فرستادن ک هم مانده ست هم سفت، برگه‌ها خوبن	HAPPY	0
89	۲ ساعت و نیم تاخیر برای ارسال یک عدد ساندویچ! و تحویل ساندویخ سرد و خیس!	SAD	1
90	نان تازه و کاملا داغ به دستم رسید. خیلی ممنون	HAPPY	0
91	نسبت به قیمت اندازه کوچیک بود. پیتزای خانواده باید سه نفر رو حداقل سیر کنه	SAD	1
92	من ثبت کرده بودم دلستر تلخ می‌خواهم. برای بنده دلستر با طعم لیمو آوردند. به توضیحات دقت نکرده بودند.	SAD	1
93	نان خامه‌ای اصلا تازه نبود متاسفانه اولین و آخرین بار سفارشم از شیرینی ناتلی شد.	SAD	1
94	مثل همیشه به موقع و گرم. و غذای خوشمزه	HAPPY	0
95	خوشمزه بود ولی فکر کنم همون ۸ تیکه رو ۲۰ تیکه کرده بودن ولی خوب و خوشمزه بود	HAPPY	0
96	این بار غذا افتضاح بود بسیار سرد و ماسیده بود و‌جالب اینکه از ما ۷٫۵۰۰ تومان خم هزینه بسته بندی گرفتن	SAD	1
97	کیفیت خوب بود اما غذا هم سرد بود وهم حجمش بسیارکوچیکه و سیر نمیشی بایدونه	SAD	1
98	کیفیت و سرعت و دقت آرتین عالیست	HAPPY	0
99	بسته بندی، مخلفات و کیفیت غذا بسیار عاااالی بود فقط برا تحویل غذا ۱۰ دقیقه قبلش زد که تحویل داده شد در حالی که ما غذایی تحویل نگرفته بودیم	HAPPY	0
100	نان خیلی خمیر بود!!!!!	SAD	1
101	من دوست نداشتم ممنون	HAPPY	0
102	سوسیس گیاهی فرانکفورتر سفارش دادم ولی سوسیس پاپریکا برام فرستادن	SAD	1
103	کیفیت غذا خوب بود. خوش مزه بود. زمانی هم که رسید کاملا گرم بود. برخورد پیک خوب بود. کلا از همه لحاظ راضی بودم.	HAPPY	0
104	با سلام خدمت دوستان محترم این غدا به جد بدترین اکبر جوجه‌ای بود که تا به حال خورده بودم و با اینکه اولین باری بود که از این رستوران سفارش میدادم مطمئنا حتی دوست ندارم که هیچ کدوم از غذاهای دیگشونو امتحان کنم ولی دلایلمو از نارضایتیم می‌نویسم که شاید اصلاح بشه و یا دیگر دوستان تجربیات منو نداشته باشن: مرغ مونده، من هیچ جایی ندیدم که مرغ توی سس انار مونده باشه و بعد پخته بشه و سیاه باشه و ندیدم برای ارسال مرغ روی برنج باشه تا همه روغنش بره توی برنج و از هم تو ۲ تا ظرف نباشهو با اینکه ۲۰۰۰ تومن هم پول ظرف دریافت شده از برنجم هیچی نفهمیدم چون خیسه سس مثلا انارو روغن مونده جوجه بود.	SAD	1
105	کیک بسیار کهنه بود!	HAPPY	0
106	سوسیس خام با پنیر تو نون حداقل یکم سرخش کنید بعد بفرستید	SAD	1
107	مثل همیشه همه چیز عالی بود:)	HAPPY	0
108	غدا کلا سرد بود	SAD	1
109	خوب بود. دستتون درد نکنه. فقط کاش پیتزاتون پیاز خام نداشت!	HAPPY	0
110	سالاد ماکارانی سفارش دادم سالاد روسی آوردن	SAD	1
111	یک کیلو چیز کیک ۷ عدد بود اما یکی از آن‌ها کم است	SAD	1
112	از زحمات اسنپ فود برای پی گیری کمال تشکر را دارم.	HAPPY	0
113	غذا خیلی سرد بود. در واقع سرد‌ترین تجربه سفارش غذا من بود! با اینکه کمتر از ۳۰ دقیقه به دستم رسید. اما کیفیتش بد نبود فکر میکنم در مراجعه حضوری تجربه بهتری خواهم داشت.	SAD	1
114	کیک چندین دور در باکس هم‌ خورده بود و تمام روی‌کیک به دور‌جعبه ریخته بود. اما‌ مشکل از کوک نبود از پیک بود. لطفا بفرمایید که چیزی که از کوک میارن نباید خیلی تکان بخوره.	HAPPY	0
115	پیتزا خوشمزه بود اما گوشت راسته‌ای که در مواد بود اصلا دیده نمیشد و مواد روش هم خیلی کم بود	HAPPY	0
116	ممنونم از احترام به مشتری. غذای خوب و با کیفیت شما نشانه احترام شماست.	HAPPY	0
117	همیشه یک ساعت زمان تحویل می‌زنید و یکساعت هم با تاخیر غذا فرستادید و وقتی غذا رسید کاملا سرد بود سیب زمینی‌ها و چیزبرگر غیر قابل خوردن سس پنیر سرد با پیگیری جواب به من دادن که غذا رو گرم کنید!	SAD	1
118	کیفیت این ساندویج نسبت به قبل کاهش پیدا کرده. مواد داخل ساندویچ اصلا با منو مطابقت نداشت و چندین مورد مثل قارچ حذف شده بود. از طرفی کاملا شور بود و راحت خورده نمیشد. اصلا انتظار نمیره با وجود قیمتای نسبتا بالا و مالیاتی که روی قیمت غذای میاد، کیفیتش اینطوری باشه	SAD	1
119	حجم و کیفیت برگر خوب بود ولی اصلا پنیر نداشت!، خیارشور هم کم گذاشته بودن	SAD	1
120	پنیر تبریز به میزان ۸۰۰ گرم کاملا خورد و غیرقابل استفاده. پس از پیگیری از طریق پشتیبانی قرار شد تعویض گردد اما پس از گذشت بیش از دو ساعت و پیگیری مجدد بعلت نداشتن پیک، تعویض به تاخیر افتاد. با توجه به ترد بودن پنیر تبریز انتظار میرود چنین حجم از پنیر بجای قرار گرفتن در کیسه فریزر، در ظرفی مناسب قرار داده شود تا در بین کالاهای دیگر له و خورد نشود.	SAD	1
121	هر سه تکه ران بود	SAD	1
122	مرسی از اینکه غذا مطبوع بود و هم قیمه و هم چلوکباب به لطف اسنپ فود ظرف بیست دقیقه رسید. موفق باشید	HAPPY	0
123	مایع ظرفشویی داخل بسته خرید نبود	SAD	1
124	نون پیتزا از زیر سوخته بود و مواد روی پیتزا نسبتا خام بود. خدا قوت!	SAD	1
125	کامل آب شده بود خامه هم معلوم نبود اصلا کیفیتش چرا داره میاد پایین؟	SAD	1
126	افتضاح! دفعه بعد فکر کنم نان خالی تحویل بدن بهتره	SAD	1
127	همه چیز تازه و خوشمزه و باکیفیت در بسته بندی مناسب به دستم رسید.	HAPPY	0
128	لطفا ساندویچ را به شکل کمبو بدهید یعنی همراه با سیب زمینی و نوشابه	HAPPY	0
129	هم غذا خوب بود هم پیک به موقع رسید	HAPPY	0
130	خوشمزه بود ولى خیلی سرد بود	HAPPY	0
131	مزه کباب کوبیده میداد و اصلا کیفیت گوشتش مناسب نبود	SAD	1
132	عاشق تارت تمشک و تارت توت فرنگیتونم عالین.	HAPPY	0
133	کل کبابی که سفارش داده بودم سوخته بود خیلی کیفیت گوشتشم بد بود	SAD	1
134	مثل همیشه محشر مشتری پروپاقرص زرشک‌ پلو‌های میهمان هستیم	HAPPY	0
135	یکی از بهترین نون بربریهایی بود که خورده بودم. ممنون کیفیت عااالی.	HAPPY	0
136	سیب‌زمینی تنوری عاااالی بود	HAPPY	0
137	پریشب خریدم خیلی پیاز و جعفری داشت امشب میشه گفت تقریبا نداشت ولی خوب بود ممنون	HAPPY	0
138	خیلی بد بود، ۱ ساعت و‌نیم طول کشید تا ارسال بشه و کیفیت نون واقعا بد بود بیات بود و‌سفت	SAD	1
139	همه چیز عالی. سپاس و خسته نباشید.	HAPPY	0
140	بد نبود، ولی با این قیمت کیفیت بهتری توقع میرفت	HAPPY	0
141	با اینکه تاکید کرده بودم ران باشه یکیش سینه بود	SAD	1
142	همه چی خوب بود فقط انقدر تو ایس پک طالبی شکلات ریخته بودن که مزه طالبی حس نمیشد	HAPPY	0
143	مثل همیشه عالی فقط حیف که چیپس سرکه نمکی پرینگلز رو ندارین طعم مورد علاقم بود آخه حتی کچابش هم دارید	HAPPY	0
144	افتضاحححححح گوشت نپخته. سیب زمینی خام. غذای کاملا بی مزه و بی نمک متاسفم براتون	SAD	1
145	خیلی سریع ارسال شد …مچکر	HAPPY	0
146	غذاش خوب بود ولی واقعا دیر رسید.	SAD	1
147	غذا بسیار بد بود. بد مزه‌ترین ساندویچی که خورده بودم. نان سوخته و سرد. کیفیت پایین.	SAD	1
148	کیفیت و طعم خوب بود فقط کمی سرد شده بود	HAPPY	0
149	از بهترین برگر‌های فعلی	HAPPY	0
150	ویفر‌های رولی در بسته بندی خرد شده بودند	HAPPY	0
151	متاسفانه شیرینی ارسالی تازه نبود ۱	SAD	1
152	سفارش من ۵ تیکه مرغ بود ۴تا فرستادین	SAD	1
153	اصلا مثل قبل نبود	HAPPY	0
154	وقتی غذا رسید من متوجه نشدم و تا متوجه شوم که غذا رسیده است، سرد شده بود متاسفانه اما به طور کلی، مزه غذا خوب بود	HAPPY	0
155	پیتزا بسیار چرب بود بقدری چرب بود که جعبه چربی پس داده بود. گوشت بو میداد. متاسفانه پیتزا استیگ و سیر ظهر هم همین بود	HAPPY	0
156	Vip به نظر من تو منطقه داره بهترین میشه	HAPPY	0
157	خیلی تازه‌ و خوب بود بی نظیر بود	HAPPY	0
158	غذای من انقدر تاخیر داشت که نتونستم تحویل بگیرم لطفا پول غذا رو برگردونبد	SAD	1
159	خیلی کیفیت افت کرده است. از پرپروک انتظار بیشتری داریم همیشه.	HAPPY	0
160	همه چیز عالی، سپاسگزارم	HAPPY	0
161	۸۰ تومن پیتزا خریدم سس نداده بود بدون سس خوردم	SAD	1
162	بعد از ۱ساعت و ۵۰ دقیقه غذارو برای مایی که ۳تا خونه باهاشون فاصله داشتیم آوردن، چنگال و‌چاقو و دستمال هم نداشت در کل شب بسیار بدی بود	SAD	1
163	افتضاح بود، خواهشا امتحان هم نکنید.	SAD	1
164	شیرینی‌ها به دیواره جعبه و در جعبه چسبیدن چنتاشونم به علت حمل نامناسب کاملا له شدن	SAD	1
165	خوب بود. واقعا ارزش خریدن داشت. من راضی بودم	HAPPY	0
166	بسیار خوشمزه و دلنشین بود	HAPPY	0
167	زرشک پلو با مرغ خوب اما خورش قیمه بسیار ضعیف	HAPPY	0
168	نسبت به قیمت واقعا خوبه	HAPPY	0
169	یکی از بهترین‌های اسنپ	HAPPY	0
170	با اونحال بموقع رسید، اما به حدی سرد شده بود که اصلا مشخص نبود غذا چیه، و من از مهمانم عذرخواهی کردم. چون کلی تعریف کرده بودم که یه فست فود عالی سراغ دارم؛ اما نمیدونم چرا اینطوری شد این سفارش. کاملا سرد و ماسیده و یخ شده؛ این بار از ادویه هم خبری نبود! سیبزمینی با سس قارچ کاملا مثل یه خمیر به هم چسبیده بود. توی سالاد فقط نصف یه گوجه گیلاسی بود!! یعنی یه ظرف سالاد، با نصف یه گوجه گیلاسی کوچولو! سالاد فصل تازه بنظر نمی‌رسید.	SAD	1
171	مرغ کامل پخته نشده بود و گوشت مرغ سفت بود	SAD	1
172	سلام. من برای مهمانم سفارش داده بودم. کیفیت خمیر پیتزاش خوب بود ولی متاسفانه مواد استفاده شدش خیلی قابل قبول نبود. کدو‌های داخلش مثل لاستیک بودن و پر ذرت بود. مهمانهای من که نصفه نیمه گذاشتن … … از نشاط انتظار بیشتر از اینها میرفت …	SAD	1
173	کیفیت سالاد خوب ولی اندازش کوچک بود	HAPPY	0
174	نانها برشته نیست کمی برشته‌تر خوبه بیشترش خمیره	SAD	1
175	چیزبرگر فرانسوی اصلا خوب نبود برگرشون کارخونه‌ای بود پنیر روی نون هم چند جا سوخته بود اصلا راضی نبودم	SAD	1
176	غذا رو ٢٠ دقیقه اى اوردن داااغ بود خوشمزه بود به مواردى هم که ازشون خواسته بودم توجه کرده بودن در مجموع کاملا راضى بودم و باز هم ازشون خرید خواهم کرد تشکر از مدیریت محترم	HAPPY	0
177	کیکش خیلی سفت بود، احتمالا یک هفته‌ای مونده بود. شباهتی هم به کیک شکلاتی نداشت، فقط رنگ کیکش سفید نبود، یکم شکلات ریختن توش که رفع تکلیف کنن.	SAD	1
178	خیلی خوب بود مرغ خوب سرخ شده بود	HAPPY	0
179	نمیدونم داخل پیتزا از چه مواردی استفاده شده ولی من هنوز ساعتها بعد از خوردنش حال تهوع و سرگیجه دارم.	SAD	1
180	۲ تا شونه تخم مرغ را نیاوردید	SAD	1
181	برنج ومرغ رو باهم گذاشتین اب مرغ هم ریختین روش شده مثل غذا نذری برنج شفته شده ومرغ هم اوزیرا مونده اصلا نشد بخوری واقعا متاسفم از اینک ازشما خرید کردم	SAD	1
182	غذا کلا خیلی خیلی بی کیفیت بود برنج نپخته و خام بود مزه غذا معمولی حجم غذا مخصوصا مرغ خیییلی کم بود، حجم سوپ هم به نسبت قیمت خیلی کم بود، دلیل اینهمه تعریف در نظرات را متوجه نشدم با این قیمت غذایی با این کیفیت را اصلا انتظار نداشتم..!!!	SAD	1
183	من خامه سفارش دادم یک خامه دیگر آوردن با قیمت ارزانتر	SAD	1
184	رولت واقعا بد بود مونده بود و خشک شده بود باعت تاسف هستش چیز کیک خیلی معمولی بود.	SAD	1
185	هلیم خوب و خوشمزه بود مواد اولیه تازه بودن ولی متاسفانه بیش از ۴۰ دقیقه طول کشید که بیاد	HAPPY	0
186	تزیینات رویه کیک مانند بادام و بلو بری در حمل و نقل به شدت به هم ریخته بود.	SAD	1
187	غذای اصلی خوب بود اما سیب زمینی‌ها بسیار بد مزه و کهنه بودن	SAD	1
188	به نظر من کهنه بود	SAD	1
189	با سلام سفارشی که من داشتم از کلمه ویژه داخل عنوانش استفاده شده بود و این در حالی است که عین همین محصول بدون کلمه ویژه در لیست محصولات شیرینی فروشی ماری وجود دارد و حدود ۱۳۰۰۰ تومان اختلاف قیمت بین این دو وجود دارد. همانطور که در لیست سفارشات من میبینید من قبلا همین سفارش رو بدون کلمه ویژه هم داشتم و الان می‌تونم بگم که هر دو شیرینی کاملا مثل هم بودند و در واقع الکی بنده ۱۳۰۰۰ تومان اضافه دادم. هیچ چیز ویژه‌ای وجود نداشت! ممنون میشم پیگیری کنید که لااقل بقیه هم هزینه اضافی پرداخت نکنند.	SAD	1
190	عالی بود، برای چهار نفر کافی بود	HAPPY	0
191	سریع و به موقع تحویل شد.	HAPPY	0
192	برنج کاملا دم نکشیده بود ولی حجم جوجه کباب و طعم خیلی خوب بود	HAPPY	0
193	غذا متوسط رو به بالا بود اما آنقدر تاخیر داشت که سیر شدم	SAD	1
194	کنار جوجه لیمو ترش نبود و چهار تا گوجه کبابی ریز کنار غذا گذاشته بودند و خیلی بد بود جوجه هم طعم دار نبود اصلا	HAPPY	0
195	نون تازه و گرم بدستم رسید ولی یکی از نون‌ها یه تیکه‌اش خیلی سوخته بود	HAPPY	0
196	واقعا کیفیت خوبی داره برگر‌ها اگر تو سایز بزرگ‌تر باشه میتونه یکی از بهترین برگر‌های تهران باشه	HAPPY	0
197	این یبار خیلی خوب و تازه بود	HAPPY	0
198	جعبه زولبیا بامیه را با زدن یک چسب تحویل پیک داده بودند و نتیجه را می‌توان حدس زد که وقتی به دست ما رسید اوضاع چطور بود!!!!! لااقل باید جعبه را شیرینک می‌کردید! جعبه به حدی کثیف بود که معلوم نیست وسط راه چه برسرش آمده بود!	SAD	1
199	من مشتری دائم بودم این بار مثل همیشه آیس پک خوب بود ولی اصلا از حجم چیپس راضی نبودم. به نظرم نمی‌ارزید	SAD	1
200	تخم مرغ از ۶ عدد ۲ تا شکسته بود و نمک هم قوطی استوانه‌ای انتخاب کردم که از این پاکتی‌ها آوردند، بیشتر دقت کنید	SAD	1
201	پیتزا سرد نون یه لایه پنیر چند تکه گوشت کوچیک شاید بوقلمون در کل خیلی بد، اولین و آخرین سفارش از باگت	SAD	1
202	من رد ولوت سفارش دادم. ولی تازه نبود و طعم بدی گرفته بود.	SAD	1
203	لطفا جنسی که موجود نیست از منوی سفارش حذف شود. که بعدا مجبور به تغییر یا لغو سفارش نشویم	HAPPY	0
204	توس سفارش کره ۲۵ گرمی میهن سفارش دادم ولی با برند مالکوم فرستادن که اصلا استفاده نمیکنیم.	SAD	1
205	نوتلایی که بهمون تحویل دادید اصلا خوب نبود و هزینش هم خیلی زیاد بود نسبت به حجمش	SAD	1
206	با اینکه کیفیت غذا خوب بود ولی غذا خیلی دیر ارسال میشه (با وجود هزینه پیک بالا) و هر دوبار که سفارش دادم غذا سرد بود	HAPPY	0
207	با بیش از یک ساعت تاخیر ارسال شده و ۳تا تخم مرغشم شکسته بود!!!	SAD	1
208	ممنون خوب بود ولی انارهای سری قبل خیلی بهتربود	HAPPY	0
209	خوشمزه بود خوشم امد …	HAPPY	0
210	در توضیحات درج کردیم که پیاز نداشته باشن، ولی داشتن! لطفا بیشتر دقت بشود..	SAD	1
211	پیتزا چانو خیلی سیرش زیاد بود!!	HAPPY	0
212	متاسفانه دیر رسید و سرد شده بود	HAPPY	0
213	وقتی سفارش مخلوط میگیره نباید دو نوع بفرسته و کیفیت پایین	SAD	1
214	زمانی که مشکل نام و نام خانوادگی سفارش دهنده روی قبض چاپ-ن-ود و غذا به آدرس شرکت ارسال شود، چطور می‌توان تشخیص داد سفارش مربوط به کدام پرسونل است؟ اینجوری میشه که باید غذای سرد رو خورد	SAD	1
215	خوشمزه بود ولی حجمش خیلییییییی کم بود	SAD	1
216	غذا سرد سرد بدست من رسید، وقتی پیک ۶ مسیر غذا را با هم حمل میکنه وآخرین آدرس من باشم مسلما اون غذا سرد وبیمزه تحویل میشه	SAD	1
217	دستتون درد نکنه، بسیار عالی هستید.	HAPPY	0
218	غذا با یکساعت و چهل و پنج دقیقه تاخیر رسید.	SAD	1
219	قیمت‌ها رو بالا بردن.	SAD	1
220	سوپ اصلا طعم جالبی نداشت انگار خورشت قیمه رو توش برنج ریخته بودن روی سوپ روغن بود نمیدونم چرا و اصلا توش مرغ نداشت خیلی هم مقدارش نسبت به قیمت کم بود	SAD	1
221	بسیار عالی و خوشمزه و پر مغز بدون صرفه جویی پسته و بادام و …موفق باشید	HAPPY	0
222	تشکر ازین فروشگاه بخاطر ارسال بموقع و بازگرداندن وجه نقدی مابه التفاوت یک کالا	HAPPY	0
223	قسمت توضیحات سفارش قارچ هم داشت که بدون قارچ بود	SAD	1
224	دونر کاملا مشخص بود مال شب پیش بو د و دوباره داغ کرده بودند خیلی سفت و بد متاسفم	SAD	1
225	مثل همیشه به موقع با کیفیت و درجه یک	HAPPY	0
226	خیلی افتضاح بود نونش کاملا خرد شده بود توی نون بربری میزاشتن بهتر بود تا اینجوری بدن دست مشتری! متاسفم	SAD	1
227	مثل همیشه عالی بود ….	HAPPY	0
228	این چندمین باره که به جای جنس انتخابی محصول دیگری را ارسال میکنند. وقتی محصولی رو موجود ندارید لطفا محصول دیگری ارسال نکنید	SAD	1
229	نوشتن با نوتلا ولی نوتلا نبود	SAD	1
230	متاسفانه ظرف سیب زمینی نصف بود و حجم سیب زمینی واقعا کم بود.	SAD	1
231	توی منو برگرها همراه با سیب زمینی بود ولی وقتی ارسال کردند سیب زمینی همراش نبود سالاد سزار با مرغ با کیفیت خیلی بد بود	SAD	1
232	هر بار دارم مینویسم لطفا قارچ نریزید من حساسیت دارم و هر بار غذا پر از قارچه!!!! سخته خوندن توضیحات؟ ظرف یک بار مصرفی هم که دارید استفاده میکنید اصلا جنس خوبی نداره و برای این حرارت نیست ظرف بخاطر داغی زیاد غذا، آب شده بود و از وسط باز شد و غذا ریخت رو میز مرسی واقعا	HAPPY	0
233	هم دیر به دستمون رسید …هم کاملا سرد بود.. هم به خوشمزه‌ای دفعات قبل نبود.	SAD	1
234	حتما برای هر ساندویچ به اجبار باید سس انتخاب بشه که این اصلا منطقی نیست. (هر سس ١٥٠٠ تومن) غذا دیر رسید سس غذا خوشمزه بود ولی حجم غذا با قیمت تناسب نداشت کیفیت نون خوب بود میزان محتویات ساندویچ اصلا کافی نبود توی منو باید ذکر بشه که پیاز و جعفری هم اضافه میشه	SAD	1
235	مرغ بوی بسیار بدی میداد و غیر قابل خوردن بود	SAD	1
236	وافل مونده بود مقدار موز و توت فرنگی بسیار کم و بستنی یا خامه نداشت پیک هم آورد کلا بهم ریخته بود	SAD	1
237	بسیار خوشمزه و بسیار عالی	HAPPY	0
238	پیتزا‌ها خوب و طعم خوب داشتند …امیدوارم بتونن یکی از بهترین شعبه‌های سیب باشند..	HAPPY	0
239	وقتی مینویسم فانتا یعنی نوشابه فانتاااااااا نه کوکا، فانتا با کوکا هم رنگش فرق میکنه هم نوشتنش مثل اینکه بگم سماق بجاش مایونز بفرستین	SAD	1
240	بیخود گرون بود. حجم غذا خوب بود. ته دیگ سوخته بود	SAD	1
241	اگر ساندویچ کالباس نخوردین حتما باهاماس رو سفارش بدین	SAD	1
242	به جای ۶ تا نان کشمشی ۳ تومنی، ۸ تا نان شکلاتی ۲ تومنی فرستاد که یکی کم بود. پیاز هم به جای دو کیلو، یک کیلو بود.	SAD	1
243	۱- سریع رسید ۲- بسته بندی مناسب بود ۳- دور چین خوراک کباب لقمه ضعیف بود، برای سه پرس غذا فقط یک برش پیاز، یک بسته سبزی و دو عدد فلفل کوچیک و یه اسلایس کوچک ته دیگ … همین!!	HAPPY	0
244	میبخشید غذای منو چرا نصفه آوردید مهمان داشتم من پول دوتا خورشت قورمه سبزی پرداخت کردم ولی یک غذا برای من آوردند لطفا رسیدگی کنید شرمنده مهمانم شدم	SAD	1
245	تازه و بهداشتی و قیمت مناسب. ممنون	HAPPY	0
246	خیلی خیلی بدمزه بود …سسش مزخرف و بدمزه بود انگاری تلخ بود …کلا نمی‌شد خورد …حیف پولی ک دادم	SAD	1
247	جزو رستورانهاییه که میشه گفت هرروز بدتر از دیروز	SAD	1
248	پیتزا و چیزبرگر عالی بودن.	HAPPY	0
249	خیلی پر ملات و خوشمزه	HAPPY	0
250	عالی عالی عالی اخرت نون بود ممنونم	HAPPY	0
251	سلام، سفارش با تاخیربسیاررسید وشیک کاملا شل وبی کیفیت بود، واقعا برای فاصله یکربع وسفارش ساده، این همه معطلی زیاده، اونم بیکیفیت وحجم کم	SAD	1
252	اب معدنی هایی که فرستادن معلوم نیست چقدر زیر افتاب مونده بوده انقدر کهنه بود تاریخ انقضاش ۱ ماه مونده	SAD	1
253	کیفیت غذا خیلی بد بود نسبت ب قیمت	SAD	1
254	اصلا خوب نبود ساندویچش. مقدار گوشتش خیلی کم بود و گوشتش به شدت بو می‌داد.	HAPPY	0
255	با تشکر از اسنپ فود و سوپرمارکت مرزداران.	HAPPY	0
256	خیلی سریع ارسال شد غذا گرم و خوب بود فقط کمی ادویه و مزه کم داشت تا پیتزا کامل بشه ولی در کل راضی بودم	HAPPY	0
257	بسیار منظم سر وقت تحویل دادن	HAPPY	0
258	در توضیحات نوشته بودم ساعت ۲ ظهر ارسال شه، ساعت ۱ تحویل داده بودن به نگهبانی. جالبه روی برگه فاکتور هم نوشته بودن تحویل ساعت ۲ باشه. غذا هم که سرد …	HAPPY	0
259	بسیار خوش مزه و خوش طعم و خوش پخت. نه خشک بود و نه نپخته. همه چی به اندازه بود. یه سس انار خیلی خوش مزه هم کنارش ارسال شد. واقعا کبابی با کیفیتیه تنور. در همه سفارش‌های قبلیم راضی بودم. ایشالا همیشه به همین کیفیت بمونید	HAPPY	0
260	سیب زمینی بو و مزه کارتن میداد مزه‌ی روغن سوخته<همه چی با هم دست بدست داده بود این سیب زمینی بدمزه باشه >هیچوقت هم به توضیحات اهمیت نمیدن	SAD	1
261	عالی مثل همیشه نونتون حرف نداره ممنون	HAPPY	0
262	فقط یک کلام، عالی بوووووووووود حلالتون بشه پولی که در میارید، از هیچ چیز دریغ نکرده بود.	HAPPY	0
263	عالی بود اما یکم پیتزاش کوچیکه نسبت به قیمتش	HAPPY	0
264	حلیم خوشمزه‌ای بود ولی خیلی دیر رسید و سرد شده بود.	SAD	1
265	من اعلام تاخیر هم کردم تمام بستنی‌ها آب شده و تغییرفرم داده بود	SAD	1
266	فوق العاده خشک و بد	SAD	1
267	همه چی عالی فقط محتوای سوپ خیلی کم بود	HAPPY	0
268	ساندویچ مرغ سوخاری بسیار بسیار عالی بود	HAPPY	0
269	چلو کباب کوبیده که مزه کتلت میداد، بزنجشونم که خمیر و شفته بود، مزه واقعا بدی داشت	SAD	1
270	دمتون گرم خیلی غذای خوبی بود و من برای اولین بار بود که پیتزا پالرمو سفارش دادم و هیچ ایرادی نمیشه ازش گرفت … دوستان اگر غذای پرملات دوست دارند حتما یکبار پیتزا پالرمو امتحان کنند	HAPPY	0
271	خورشت جا نیافتاده بود..	SAD	1
272	کیک هنگام ارسال اسیب دیده بود البته این بار اول نیست که کیک اسیب دیده به دستم رسیده	SAD	1
273	خیلی خوب و به موقع رسید ممنون از سرویس دهی خیلی خوبتون	HAPPY	0
274	ساندویچ سالاد مرغ گرفتم، خوشمزه بود، البته با همین قیمت خوبه، وگرنه در صورت افزایش قیمت حتما جا داره محتویاتش بیشتر بشه	HAPPY	0
275	به شدت ضعیف بود	SAD	1
276	من در توضیحات سس بیشتری سفارش دادم که در نهایت انجام نشد	SAD	1
277	سالاد سزار واقعا این نیست خدایی …دو پر فیله مرغ و دو تا دونه گوجه گیلاسی.. بقیه‌اش کامل کاهو.. پیتزا هم چندان تعریفی نداشت	SAD	1
278	مزه ش فرق کرده بود: (	SAD	1
279	پیتزا قارچ و مرغ اصلا کیفیت نداشت	SAD	1
280	بی مزه‌ترین گوشت برگری که تا به حال خوردم، دریغ از یه مقدار طعم!	SAD	1
281	شیرینی تازه بود برخورد پیک هم بسیار خوب بود	HAPPY	0
282	ساندویچ هات رویال سرد بود و خیلی تند، در ضمن توی سفارش قید کرده بودم داخل ساندویچ سس نداشته باشد ولی پر از سس بود، بطوری که نون ساندویچ خیس و خمیر شده بود،، از نظر کیفیت واقعا پایین بود. و قابل خوردن نبود …	SAD	1
283	با سلام وقتی جنسی را ندارید زودتر اصلاح کنید بنده به خاطر انار دون شده باقی اجناس را سفارش دادم	SAD	1
284	سس مخصوص نگذاشتون ولی تو منو بود	HAPPY	0
285	من ماست پروبیوتیک هراز سفارش دادم ولی ماست سون کاله آوردن که نمیخواستم، ماست هراز رو بخاطر پروبیوتیک بودنش سفارش داده بودم	HAPPY	0
286	خیلی خیلی تازه و خوشمزه بودن، مخصوصا رولت‌ها، عالی بودن. خیلی هم زود به دستم رسید ممنون	HAPPY	0
287	۲تا سنگگ یک ساعت و بیست دقیقه باید طول بکشه؟!!! غذا تموم شد نیم ساعت بعد سنگگ‌ رسید	SAD	1
288	۴عدد بستنی داخل سفارشم بود اما ارسال نشد حتی داخل فاکتور هم تیک نخورده اگر نداشتن باید اطلاع میدادن ممنون	SAD	1
289	ممنون از تخفیف در این روزهای سخت اقتصادی	HAPPY	0
290	حجم غذا فوق العاده کم بود، مخصوصا نسبت به قیمت واقعا کم بود	SAD	1
291	غذا خیلیییییییییییییی دیر تحویل داده شد و غذا کاملا سرد بود اصلا و ابدا راضی نیستم و دیگه از اینجا سفارش نمیدم …	SAD	1
292	طعم غذا خوب بود ولی کاملا یخ کرده بود و قابل خوردن نبود و مجدد گرم شد	SAD	1
293	عالی بود مثل همیشه پر مخلفات و گرم	HAPPY	0
294	امروز ٢ بار سفارش دادیم ه بار چیزهایی اضافی و کسری چیزی که خواستیم در صورتی که چکم کردم برای سفارش دوم	SAD	1
295	فقط ساندویچ سرد شده بود، با اینکه ده دقیقه‌ای آمد!	HAPPY	0
296	برگش خیلی عالی بود ولی کباب لقمه‌اش بد بود واقعا به سختی میشد یه تیکه ازش جدا کرد اتقدر سفت بود!!! بعید بود هنچین غذایی از شما!!!!	SAD	1
297	قبلا خیلی خوب بود ولی نمیدونم چرا اینقدر مزه‌اش تغییر کرده، احتمالا موادی با کیفیت کمتر استفاده میکنن. حیف	SAD	1
298	زرشک پلو با مرغ با بوی بسیار بد	SAD	1
299	پک دیزی با این که تو تخفیف ۴۰ درصدی بود کم و کاستی نداشت و مثل همیشه عالی بود فقط بنظرم یدونه لیمو عمانی حتی کوچیک برای ظرف دیزی زیاده و اینکه دیزی دنبه نداشت که باز این مورد می‌تونه انتخابی باشه موقع سفارش در کل عالی	HAPPY	0
300	حجم و کیفیت غذا نسبت به قبل بسیار افت داشت متاسفم واقعا فک نکنم دیگه از اینجا بگیرم	SAD	1
301	با سلام من قارچ سفارش داده بودم که به من قارچ سیاه و پلاسیده تحویل دادند. به نظرم باید پیک توجه بیشتری به خرید بکند یا به فروشگاه تذکر داده شود که اعتماد سازی شود	SAD	1
302	تاریخ محصولی که ارسال می‌کنید به روز یا در روز تعطیل نزدیک به روز باشه الان تاریخ انقضای شیرتون همین امروز ۱۵ هست و تاریخ نان تست به روز نیست سه روز دیگه مهلت دتره ما که شرایت نگهداریتونو نمی‌دونیم ولی اگه به روز ارسال کنید تین مشکلات هم حل می‌شه و ما باخیال راحت محصولو مصرف می‌کنیم طلب خیر هم برای شما می‌کنیم ممنون	SAD	1
303	عالی بود، دستتون درد نکنه، مشتریتون شدم	HAPPY	0
304	خیلی تاخیر داشت و آیس پک‌ها آب شده بودن همراه آیس پک‌ها نی موجود نبود لیوان برای آبمیوه آورده نشده بود	SAD	1
305	بستنی که سفارش داده بودم متاسفانه یکی از بستنی‌ها به علت ضربه بسته بندیش باز شده بود،	HAPPY	0
306	شیرینی‌های‌تر کیفیت پایینی داشت و مونده بود!	SAD	1
307	همیشه محصولات با کیفیتی رو اراءه میدن ولی امروز کیسه زباله سبز گرفتم که خوب نبود و کیسه زباله فسیل که کیفیتش عالیه نداشتن	HAPPY	0
308	خیلی سریع بدستم رسید و‌کیفیت سفارش طبق انتظار بود ممنون	HAPPY	0
309	با یک ساعت تاخیر رسید. خیلییی سرد و بد مزه بود.	SAD	1
310	میتونم بگم یکی از بهترین پیتزاهای باروژ بعد از پیتزا باروژ هست و اصلا نمیتونم باکسی شریک شم تو خوردنش:)	HAPPY	0
311	کیفیت غذا خیلی پایین اومده متأسفانه اصلا خوب نبود	SAD	1
312	سوپ رو ندادید خوبه ۲ قلم سفارش بود	SAD	1
313	بجای بیسکوییت شیرین عسل، باراکا ارسال شد بود.	SAD	1
314	میزان تخم مرغ ۱عدد کافی نیست حداقل ۲تا	HAPPY	0
315	پتزا کاملا سرد بدست ما رسید	SAD	1
316	ذرت مکزیکی فقط سس بود یعنی غرق سس بودا شیر پسته هم فقط خامه بود بیشتر شیر خامه بود تا شیر پسته من اصلا راضی نبودم	SAD	1
317	واقعن بی کیفیت بود.	SAD	1
318	واقعا پیک باروژ ضعیفه موقع ناهار سفارش بدید شاید سر شام برسه اونم شاید	SAD	1
319	متاسفانه با وجود نزدیکیه محل تحویل با رستوران، بیش از ۱ساعت و نیم زمان برد برای تحویل غذا!!!!!!	SAD	1
320	عالی بود بنده به علت شغلم کاملا مرغ و گوشت را میشناسم جوجه کباب از قسمت بالای ران (کعب) تشکیل شده بود که فوق العاده لطیف هست و دارای رگ و ریشه نیست ضمن اینکه از نظر قیمتی هم گرانترین قسمت مرغ میباشد خیلی خوب پخته شده بود و کاملا مرینت و مزه دار شده بود ممنون و تشکر	HAPPY	0
321	ته چین بوی تخم مرغ می‌داد و مرغ لابلای برنج خوب نود	SAD	1
322	با سلام، پیتزا استیک گوشت تکه‌ای بود و اینکه کلا طعم زیتون استفاده شده در پیتزا غالب بود	SAD	1
323	یکم چرب بود قیمت غذا نسبت به کیفیت زیاد بود! نوشابشم عالی بود!	HAPPY	0
324	ممنون در مجموع خوب بود فقط فالوده‌اش هیچ شربتی چیزی نداشت. فقط رشته بود	HAPPY	0
325	طعم غالب گوجه و رب کیفیت سوپ رو به شدت تحت تاثیر قرار داده بود	SAD	1
326	بسیار کم مواد اصلا قارچی دیده نمیشد بخصوص قسمت قارچ و گوشت اصلا نسبت به اندازه و موادش قیمتش نمی‌ارزه	HAPPY	0
327	من مشتری شما بودم و بار اولم نیست که سفارش میدم، از شعبه‌های مختلف هم غذا سفارش دادم، ولی قطعا این آخرین بارم بود، از من گذشته ولی هیچ وقت غذای بیات که قبلا درست شده و رو دست تون مونده واسه مشتری اونم دائمی مثل من نفرستید، امیدوارم واسه بقیه این مشکل پیش نیاد ارادت	SAD	1
328	زمان زیاد آماده شدن و ارسال غذا	HAPPY	0
329	بسیار با کیفیت حجم زیاد پیک مودب و باشخصیت ممنون از رستوران خوبتون	HAPPY	0
330	بنظرم مرغ رو در فر می‌پزید چون هم خیلی خوشمزه بود و هم خیلی خوب پخت شده بود تنها اشکالش این بود که اگه بتونید کنار جعفری پیاز خورد شده بزارید یا پیاز رو جدا گانه قرار بدید و یه تیکه لیمو ترش تازه بهش اضافه کنید بینظیر‌ترین و لذیذ‌ترین مرغ بریان منطقه خواهد شد. از مدیر و کارکنان محترم مخصوصا سر آشپز عزیز تون سپاسگزارم	HAPPY	0
331	من قبلا سوخاری گرفته بودم از اینجا و راضی بودم. اینبار اما کیفیت بسته بندی پایین بود واقعا، جعبه‌ای که محتوی غذا بود کاملا بی کیفیت بود و کف جعبه کاملا چرب و سیاه شده بود. البته مشخص بود جعبه متفرقه هست و هیچ نشان بهداشتی هم نداشت متاسفانه. همچنین خود تکه‌های سوخاری هم کیفیت بالایی نداشت و مواد سوخاری مثل پوست به راحتی کنده شدن. من آلپارو رو هم بخاطر کیفیتش و برخورد پرسنلش قبول داشتم ولی …	SAD	1
332	شیر بدون لاکتوز ارسال نشد	SAD	1
333	پیتزای پپرونی خیلی خوبی بود سرعت ارسال هم خوب بود	HAPPY	0
334	برای کسانی که پاستا دوست دارند، خرید از این شاپ رو توصیه میکنم عالی بود	HAPPY	0
335	سلام. مثل همیشه عالی..	HAPPY	0
336	پیتزای ارسالی سرد بود	SAD	1
337	نان هات داگ بسیار بیات و کهنه بود، غذا بسیار سرد بود	SAD	1
338	پیک کمی تأخیر داشت ولی غذا عالی بود	HAPPY	0
339	خیلی به موقع اومدن، قیمت‌ها هم مناسب بود	HAPPY	0
340	چیپس و پنیر واقعا بد طعم و غیر قابل خوردن بود	SAD	1
341	این اژدها دیگه اون اژدهای سابق نیست. قبلا پر پنیر بود الان باید کلی بگردی تازه یه کم پنیر پیدا کنی. لطفا تو مخلفات که نوشتین پنیر فراوان حذفش کنید وقتی دیگه پنیر نمیریزید. خیلی خیلی ضعیف شدین.	SAD	1
342	نانها شور بود تمام نانها رو داغ داغ داخل نایلون گذاشته بودند که عرق کرده بودند و خمیر شده بود نان سنگک و نان بربری رو جدا نکرده باهم داخل نایلون گذاشته بود	SAD	1
343	اصولا قرمه سبزی فیلیپر خیلی خوبه ولی ایندفعه انگار ته گرفته بود و برای قوامش آرد اضافه کرده بودن طعم سوختگی داشت.	HAPPY	0
344	عااااالی بود ممنونم ازتون	HAPPY	0
345	پیتزا فوق العاده کوچک بود سایز غذای بچه بود حتی یه نفره هم نبود.	SAD	1
346	بی نظیر واژه‌ی کمیه برای شماااااا مثل همیشه عالی	HAPPY	0
347	اول اینکه با بسته بندی نامناسب باعث شده بودن کل ماست روی تمام بقیه خریدا ریخته بود و از حیاط که اون اقا اومده بود داخل تمام راهرو و اسانسور و …. مارو به گند کشیده بود بعد باز رفتن ماست خریدن که این ماستی که من سفارش دادم نبود و سون خریدن و همچنین بستنی که من سفارش دادم وانیلی میهن بود که برای من پاک فرستادن من اگر پاک میخواستم خودم بلدم بودم پاک رو انتخاب کنم خوبه که به انتخاب مشتری احترام بزارین و ازخودتون تصمیم نگیرین	SAD	1
348	خوب بود. سه نفر سیر شدیم	HAPPY	0
349	مثل همیشه عالی و تازه و سریع	HAPPY	0
350	غذا کمی زودتر از زمان پیش بینی کاملا گرم و سالم به دستم رسید. کیفیت غذا عالی بود، حجمش مناسب بود، برگر کاملا پخته و طعم دار شده بود. سرعت و طرز برخورد پیک هم خیلی خوب بود. واقعا ممنون از چورک برگر و اسنپ فود	HAPPY	0
351	پیک غذا رو اشتباه آورده	SAD	1
352	یه املت یک ساعت!!!! مسافت تا رستوران ۳۰۰ متر!!!	SAD	1
353	یه وسایل میخاد برداره و بیاره غذا که نمیخاد بپزه ۴۰-۵۰دقیقه طولش داد	SAD	1
354	غذا کمی شور بود و از ادویه‌های مناسبی استفاده نشده بود.	SAD	1
355	سلام لطفا یا تخفیف ندید یا اگه تخفیف میدید واقعا تخفیف بدید! نه این که از حجم غذا کم کنید … مقدار سیب زمینی چیکن استریپس که خیلی کم بود اصن … کیفیت پیتزا هم داره میاد پایین … من مشتری اینجا هستم و همیشه راضی بودم ولی این دفعه …	HAPPY	0
356	بسیار بد. سرد، بدبو و خشک ضمن اینکه من چیزبرگر درخواست کرده بودم در حالیکه خبری از پنیر نبود.	SAD	1
357	ساندویچ مرغ فرانسوی سفارش دادم که هم گرم رسید و هم کیفیت قابل قبولی داشت.	HAPPY	0
358	سلام خسته نباشین تو توضیحات خواسته بودم قبل از تحویل به پیک در کیسه‌های پلاستیکی که سفارش داخلشه گره بزنن ولی متاسفانه رعایت نشده بود ولی کیفیت محصولات مثل همیشه خوب بود.	SAD	1
359	اصلا شبیه به عکسش پر پیمون نبود ۲لایه ژامبون و.. به نظرم به این قیمت نمی‌ارزه ولی خوشمزش	HAPPY	0
360	با درود فراوان از مدیریت و سرآشپز دیگی تنوری تشکر مینمایم، غذا (دیگی تنوری) بسیار عالی و خوشمزه بود. بنده از بابت نبودن مخلفات همراه غذا کمی متاثر شدم که قطعا اگر می‌بود غذا از این خوشمزه‌تر می‌گردید.	HAPPY	0
361	صابون آنتی باکتریال دتول در بسته بندی نبود. با تشکر از پیک اسنپ فود	HAPPY	0
362	بوی زهم مرغ گرفته نشده بود.	HAPPY	0
363	من سس کارامل گرفته بودم که ارسال نشده! لطفا پیگیری کنید	HAPPY	0
364	خمیر نونش خیلی بیش از اندازه خشک بود و مزه مونده میداد	SAD	1
365	پشتیبانی اسنپ فود خوب بود اما ارسال از رستوران خیلی تاخیر داشت	HAPPY	0
366	عالی بود	HAPPY	0
367	سیب زمینی بر خلاف همیشه تازه نبود.	HAPPY	0
368	شیرینیها بخصوص رولت خشک و مونده بودن	SAD	1
369	من یه نوع شیرینی سفارش داده بودم ولی شیرینی مخلوط برام فرستادن من کلا لطیفه و رولت دوست ندارم	SAD	1
370	فقط سیب زمینی‌ها خام بود که عجیب بود و قبلا سابقه نداشت. سوپ جو هم معمولی بود ولی سوخاری خوشمزه بود. نان سیر فرستاده بودند که واقعا خوشمزه بود و ممنون.	HAPPY	0
371	کیفیت خوب بود ولی خیلی کم بود	HAPPY	0
372	ضعف در کیفیت غذا ادوات خیلی کم غذا (۱ سس برای پیتزا)	SAD	1
373	قسمت هایی از استیک پیتزا خام بود و مزه سیر نمیداد.	HAPPY	0
374	ما معمولا این غذا رو سفارش میدیم و همیشه خیلی کیفیت خوبی داره ولی چند بار وقتی تو تخفیف هستش سفارش دادیم و کیفیت خیلی خیلی پایین بود. اولا مقدارش خیلی کمتر از وقتهای معمولیه و سیب زمینی‌ها کم و چند بار گرم شده و سبزیجات و قارچ خیلی بی مزه بودن	SAD	1
375	سلام. اول اینکه با وجود فاصله‌ای کمتر از از ۳ کوچه با مجموعه؛ بیش از ۱ ساعت طول کشید ارسال سفارش. دوم اینکه: کیفیت مغزجات به کار رفته در ویتامینه به شدت افت کرده بود و قابل مقایسه با دفعات قبلی اگه اینجوری پیش بره مشتری‌ها تون رو از دست می‌دین	SAD	1
376	به جای نون بربری نون لواش کهنه فرستاده شد ولی در کل طعم املت خوب بود	SAD	1
377	پیتزا عالی مرغ سوخاری متوسط	HAPPY	0
378	بی کیفیت‌ترین و بد مزه‌ترین و بدترین پیتزایی بود که تابحال خوردم. یعنی درواقع نتونستم حتی ۱ تیکه‌اش رو بخورم. خیلی خیلی بد بود.	SAD	1
379	نوشابه شیشه سفارش دادم قوطی اوردن. ماست هم کوچیک هست	SAD	1
380	آبمیوه داخل کیسه حمل و نقل ریخته شده بود، بسته بندی نامناسبی داشته.	SAD	1
381	پیتزای گوشت رو با کالباس حجیم کرده بودند	SAD	1
382	سوپر مارکت بسیار بدی بود توصیه می‌کنم از اینجا سفارش نگذارید	SAD	1
383	قورمه سبزی، کباب تابه و پلو خیلی خیلی نپخته و غیر قابل خوردن بود. فقط به این فکر کردم که چطوری تونستن این غذا رو ارسال کنن.	SAD	1
384	چرب، بی مزه، چرب، بی مزه، چرب چرب چرب فقط پر از پنیر و بی طعم	SAD	1
385	سس خیلی تندی به غذا زده بودند	HAPPY	0
386	به جای قیمه بادمجان، قورمه سبزی فرستاده بودین: - (	SAD	1
387	من دو تا کنسرو لوبیا با قارچ سفارش دادم ولی کنسرو لوبیای معمولی فرستادین. کاش اگه نداشتین نمیذاشتین	SAD	1
388	سس مخصوص نداشت، سالاد تازه نبود، بخاطر نداشتن سس مناسب ساندویچ خیلی خشک بود	HAPPY	0
389	کاهو فرانسوی‌ها و ریحان‌ها بیات و یخ زده بود	SAD	1
390	اول اینکه من نخواسته بودم نان تیکه تیکه شود چرا اینکار روکردید دوم اینکه ۲ تا نان بزرگ خواسته بودم ظاهر امر یکی بود که امیدوارم واقعا دو تا بوده باشه و روزیتون حلال باشه	HAPPY	0
391	قیمتش بالا مقدار غذا کم، واقعا بد مزه بود! پیک آدرس و اشتباه رفت! بیشتر از یک ساعت طول کشید! غذا کاملا یخ بود!	SAD	1
392	عاااااللللللللیییییییییی تنها رستورانی که کیفیتش نه تنها کم نشده بلکه زیاد هم شده	HAPPY	0
393	غذا سرد سرد بود مجبور شدیم در ماکروفر گرم کنیم	SAD	1
394	کیفیت چیزبرگر بسیار پایین بود و سیب زمینی‌ها کهنه و بوی روغن میداد	SAD	1
395	من باورم نمیشه واسه این حجم از ساندویچ بندری ۳۰ هزار تومن از من گرفته شد! ‌ اولش فکر کردم اشتباهی همبرگر آوردن ولی ظاهر بسته بندی حتی برای همبرگر هم کوچیک بود! باز خداروشکر یه رستوران دیگه ساعت کارش تا ۱۲:۴۵ دقیقه بود و فرصت شد از یه جای دیگه سفارش بدم وگرنه دیشب گشنه میموندم.	SAD	1
396	شیرینی ناتلی شیرینی‌ها رو درست و عالی تحویل داده بود اما متأسفانه اسنپ انگار شیرینی‌ها رو بر گردونده بود و خودش به بدترین شکل توی جعبه چیده بود و آبروی من را جلوی میزبانی که منزلش دعوت بودم برد	SAD	1
397	ما فقط سرکار هستیم از اینجا سفارش میدیم با اینکه دوره بهمون	HAPPY	0
398	ماشروم برگر کاملا معمولی بود و سالاد کلم بسیار کوچک با قیمت ۴۰۰۰ تومان. موقعی که دیدم سالاد رو خندم گرفت. میکروسالاد کلم بودن ایشون!	SAD	1
399	با اینکه بارون بود ولی زیاد دیر نرسید ممنون از زحمتاتون	HAPPY	0
